Item,Paired Associate,Item ID,Cat
bok,balk,1,PH
bawque,balk,2,PH
bol,ball,3,PH
bain,bane,4,PH
beign,bane,5,PH
bahrn,barn,6,PH
basc,bask,7,PH
binje,binge,8,PH
binj,binge,9,PH
berd,bird,10,PH
burth,birth,11,PH
blak,black,12,PH
blaque,black,13,PH
blaim,blame,14,PH
bleighm,blame,15,PH
bleek,bleak,16,PH
bleeque,bleak,17,PH
blits,blitz,18,PH
blitts,blitz,19,PH
blote,bloat,20,PH
blud,blood,21,PH
blewm,bloom,22,PH
blume,bloom,23,PH
bord,board,24,PH
bote,boat,25,PH
bondz,bonds,26,PH
bauns,bonds,27,PH
baunz,bonds,28,PH
boan,bone,29,PH
boane,bone,30,PH
bor,bore,31,PH
boarn,born,32,PH
boath,both,33,PH
boathe,both,34,PH
bawt,bought,35,PH
bawte,bought,36,PH
boal,bowl,37,PH
boale,bowl,38,PH
bawx,box,39,PH
bawks,box,40,PH
brane,brain,41,PH
breign,brain,42,PH
braive,brave,43,PH
breth,breath,44,PH
brede,breed,45,PH
brybe,bribe,46,PH
brickz,bricks,47,PH
bryx,bricks,48,PH
bryde,bride,49,PH
bryed,bride,50,PH
breef,brief,51,PH
brefe,brief,52,PH
brephe,brief,53,PH
bryne,brine,54,PH
brighne,brine,55,PH
broun,brown,56,PH
broot,brute,57,PH
bern,burn,58,PH
kake,cake,59,PH
caik,cake,60,PH
kaique,cake,61,PH
kalled,called,62,PH
cauld,called,63,PH
kauld,called,64,PH
kamp,camp,65,PH
kape,cape,66,PH
caip,cape,67,PH
kaip,cape,68,PH
keighp,cape,69,PH
kelt,celt,70,PH
chaif,chafe,71,PH
chare,chair,72,PH
chace,chase,73,PH
cheet,cheat,74,PH
cheete,cheat,75,PH
chek,check,76,PH
cheeze,cheese,77,PH
cheaze,cheese,78,PH
chyde,chide,79,PH
chied,chide,80,PH
chighd,chide,81,PH
cheef,chief,82,PH
cheefe,chief,83,PH
cheaph,chief,84,PH
choyce,choice,85,PH
choak,choke,86,PH
choar,chore,87,PH
chirch,church,88,PH
cherch,church,89,PH
chern,churn,90,PH
klap,clap,91,PH
clawd,clawed,92,PH
cleen,clean,93,PH
clene,clean,94,PH
klene,clean,95,PH
cleer,clear,96,PH
clere,clear,97,PH
klere,clear,98,PH
clymb,climb,99,PH
clime,climb,100,PH
klymb,climb,101,PH
klyme,climb,102,PH
cleim,climb,103,PH
kleim,climb,104,PH
klout,clout,105,PH
clowt,clout,106,PH
klowt,clout,107,PH
klunk,clunk,108,PH
koast,coast,109,PH
koat,coat,110,PH
coate,coat,111,PH
kote,coat,112,PH
koate,coat,113,PH
kode,code,114,PH
coad,code,115,PH
koad,code,116,PH
coyn,coin,117,PH
coyne,coin,118,PH
koyne,coin,119,PH
kope,cope,120,PH
coap,cope,121,PH
koap,cope,122,PH
kost,cost,123,PH
cawst,cost,124,PH
kawst,cost,125,PH
cawced,cost,126,PH
kawced,cost,127,PH
coph,cough,128,PH
koph,cough,129,PH
kawf,cough,130,PH
coart,court,131,PH
kourt,court,132,PH
cort,court,133,PH
kort,court,134,PH
krash,crash,135,PH
creem,cream,136,PH
kreem,cream,137,PH
krick,crick,138,PH
crik,crick,139,PH
kroak,croak,140,PH
croke,croak,141,PH
kroke,croak,142,PH
krux,crux,143,PH
crucks,crux,144,PH
krucks,crux,145,PH
kute,cute,146,PH
cuit,cute,147,PH
kuit,cute,148,PH
darck,dark,149,PH
dait,date,150,PH
deel,deal,151,PH
deele,deal,152,PH
derth,dearth,153,PH
dence,dense,154,PH
dyce,dice,155,PH
durt,dirt,156,PH
dyve,dive,157,PH
daul,doll,158,PH
dewm,doom,159,PH
dowt,doubt,160,PH
dreem,dream,161,PH
dreame,dream,162,PH
dreeme,dream,163,PH
drinc,drink,164,PH
dum,dumb,165,PH
fakt,fact,166,PH
faul,fall,167,PH
phall,fall,168,PH
phaul,fall,169,PH
falce,false ,170,PH
phalse,false ,171,PH
phalce,false ,172,PH
fait,fate,173,PH
phait,fate,174,PH
fawlt,fault,175,PH
phault,fault,176,PH
phawlt,fault,177,PH
feer,fear,178,PH
feere,fear,179,PH
phear,fear,180,PH
pheere,fear,181,PH
fead,feed,182,PH
pheed,feed,183,PH
phead,feed,184,PH
feal,feel,185,PH
pheel,feel,186,PH
pheal,feel,187,PH
phelt,felt,188,PH
feand,fiend,189,PH
feend,fiend,190,PH
pheand,fiend,191,PH
pheend,fiend,192,PH
feende,fiend,193,PH
philm,film,194,PH
fynch,finch,195,PH
phynch,finch,196,PH
finc,fink,197,PH
finck,fink,198,PH
phinc,fink,199,PH
phinck,fink,200,PH
ferm,firm,201,PH
phirm,firm,202,PH
pherm,firm,203,PH
furst,first,204,PH
phirst,first,205,PH
phurst,first,206,PH
flaim,flame,207,PH
phlame,flame,208,PH
phlaim,flame,209,PH
phlat,flat,210,PH
flont,flaunt,211,PH
phlaunt,flaunt,212,PH
phlont,flaunt,213,PH
flae,flay,214,PH
flite,flight,215,PH
phlight,flight,216,PH
phlite,flight,217,PH
flyp ,flip,218,PH
phlip ,flip,219,PH
phlyp,flip,220,PH
floc,flock,221,PH
flok,flock,222,PH
flawk,flock,223,PH
phloc,flock,224,PH
phlock,flock,225,PH
phlawk,flock,226,PH
flawg,flog,227,PH
floar,floor,228,PH
flore,floor,229,PH
phloor,floor,230,PH
phlore,floor,231,PH
phloar,floor,232,PH
floze,flows,233,PH
phlows,flows,234,PH
phloze,flows,235,PH
floom,flume,236,PH
phlume,flume,237,PH
phloom,flume,238,PH
fole,foal,239,PH
phoal,foal,240,PH
phole,foal,241,PH
fome,foam,242,PH
phoam,foam,243,PH
phome,foam,244,PH
foze,foes,245,PH
forse,force,246,PH
foarse,force,247,PH
phorce,force,248,PH
phorse,force,249,PH
fawght,fought,250,PH
fawt,fought,251,PH
fawte,fought,252,PH
phawt,fought,253,PH
phawte,fought,254,PH
fownd,found,255,PH
phound,found,256,PH
phownd,found,257,PH
focks,fox,258,PH
fawx,fox,259,PH
phox,fox,260,PH
phocks,fox,261,PH
phawcks,fox,262,PH
freigh,fray,263,PH
phray,fray,264,PH
phrey,fray,265,PH
phreigh,fray,266,PH
freek,freak,267,PH
freec,freak,268,PH
phreec,freak,269,PH
phreek,freak,270,PH
phret,fret,271,PH
frunt,front,272,PH
phrunt,front,273,PH
frute,fruit,274,PH
phroot,fruit,275,PH
phrute,fruit,276,PH
gaph,gaffe,277,PH
gane,gain,278,PH
gaim,game,279,PH
gaip,gape,280,PH
gaige,gauge,281,PH
gaije,gauge,282,PH
ghaige,gauge,283,PH
ghaije,gauge,284,PH
gaize,gaze,285,PH
goast,ghost,286,PH
goaste,ghost,287,PH
gool,ghoul,288,PH
gule,ghoul,289,PH
gurd,gird,290,PH
gerd,gird,291,PH
ghurd,gird,292,PH
gerl,girl,293,PH
gurl,girl,294,PH
gleen,glean,295,PH
gleene,glean,296,PH
gleane,glean,297,PH
ghleen,glean,298,PH
ghlean,glean,299,PH
gloab,globe,300,PH
glume,gloom,301,PH
glew,glue,302,PH
gote,goat,303,PH
ghoat,goat,304,PH
ghote,goat,305,PH
ghoate,goat,306,PH
gaud,god,307,PH
ghaud,god,308,PH
goez,goes,309,PH
ghoez,goes,310,PH
ghoze,goes,311,PH
goald,gold,312,PH
golph,golf,313,PH
gaulf,golf,314,PH
gaulph,golf,315,PH
goar,gore,316,PH
ghore,gore,317,PH
ghoar,gore,318,PH
grane,grain,319,PH
greign,grain,320,PH
graive,grave,321,PH
greyve,grave,322,PH
grean,green,323,PH
greef,grief,324,PH
greeph,grief,325,PH
greeve,grieve,326,PH
grume,groom,327,PH
groap,grope,328,PH
growp,grope,329,PH
groop,group,330,PH
grupe,group,331,PH
grewp,group,332,PH
groe,grow,333,PH
gess,guess,334,PH
gide,guide,335,PH
ghile,guile,336,PH
ghyle,guile,337,PH
gilt,guilt,338,PH
hazz,has,339,PH
hait,hate,340,PH
hedd,head,341,PH
heer,hear,342,PH
heet,heat,343,PH
hokes,hoax,344,PH
hoan,hone,345,PH
hoap,hope,346,PH
hoarn,horn,347,PH
jale,jail,348,PH
joynt,joint,349,PH
joak,joke,350,PH
jooce,juice,351,PH
jewce,juice,352,PH
keap,keep,353,PH
keyp,keep,354,PH
keez,keys,355,PH
keaz,keys,356,PH
keaze,keys,357,PH
keeze,keys,358,PH
kight,kite,359,PH
gnave,knave,360,PH
knaive,knave,361,PH
neighve,knave,362,PH
gnaive,knave,363,PH
kneal,kneel,364,PH
neel,kneel,365,PH
neal,kneel,366,PH
gnelt,knelt,367,PH
nelt,knelt,368,PH
gnife,knife,369,PH
nife,knife,370,PH
niphe,knife,371,PH
gniphe,knife,372,PH
laff,laugh,373,PH
leep,leap,374,PH
lern,learn,375,PH
lurn,learn,376,PH
leese,lease,377,PH
leest,least,378,PH
lude,lewd,379,PH
lawge,lodge,380,PH
lawje,lodge,381,PH
looce,loose,382,PH
luce,loose,383,PH
lirch,lurch,384,PH
mait,mate,385,PH
maite,mate,386,PH
meel,meal,387,PH
ment,meant,388,PH
mirge,merge,389,PH
murge,merge,390,PH
merje,merge,391,PH
mirje,merge,392,PH
mirj,merge,393,PH
murj,merge,394,PH
myne,mine,395,PH
merth,mirth,396,PH
myrth,mirth,397,PH
murthe,mirth,398,PH
munth,month,399,PH
muve,move,400,PH
muel,mule,401,PH
neet,neat,402,PH
nues,news,403,PH
nyne,nine,404,PH
nighne,nine,405,PH
noade,node,406,PH
noad,node,407,PH
knode,node,408,PH
knoad,node,409,PH
gnode,node,410,PH
noize,noise,411,PH
noyze,noise,412,PH
noyz,noise,413,PH
nerse,nurse,414,PH
nurce,nurse,415,PH
nirce,nurse,416,PH
nerce,nurse,417,PH
wunce,once,418,PH
awte,ought,419,PH
paje,page,420,PH
paige,page,421,PH
paije,page,422,PH
paij,page,423,PH
parc,park,424,PH
paiv,pave,425,PH
pirl,pearl,426,PH
peaz,peas,427,PH
peaze,peas,428,PH
peez,peas,429,PH
purk,perk,430,PH
perck,perk,431,PH
purrk,perk,432,PH
pirck,perk,433,PH
purrck,perk,434,PH
peece,piece,435,PH
plaie,play,436,PH
plee ,plea,437,PH
pleed,plead,438,PH
pleaze,please,439,PH
pleeze,please,440,PH
poap,pope,441,PH
pron,prawn,442,PH
pryce,price,443,PH
preest,priest,444,PH
preast,priest,445,PH
prym,prim,446,PH
prymn,prim,447,PH
pryze,prize,448,PH
promb,prom,449,PH
prawm,prom,450,PH
prufe,proof,451,PH
pruve,prove,452,PH
prewd,prude,453,PH
prood,prude,454,PH
perge,purge,455,PH
perce,purse,456,PH
kwake,quake,457,PH
raje,rage,458,PH
raige,rage,459,PH
raije,rage,460,PH
raij,rage,461,PH
rade,raid,462,PH
raide,raid,463,PH
raize,raise,464,PH
rayk,rake,465,PH
raik,rake,466,PH
raique,rake,467,PH
rair,rare,468,PH
raire,rare,469,PH
rhare,rare,470,PH
rhair,rare,471,PH
reache,reach,472,PH
reech,reach,473,PH
reeche,reach,474,PH
reaf,reef,475,PH
rheef,reef,476,PH
reeph,reef,477,PH
reaph,reef,478,PH
reaphe,reef,479,PH
reak,reek,480,PH
rheek,reek,481,PH
rheak,reek,482,PH
rore,roar,483,PH
rhoar,roar,484,PH
rhore,roar,485,PH
roal,roll,486,PH
rooph,roof,487,PH
rufe,roof,488,PH
rewf,roof,489,PH
rewph,roof,490,PH
rood,rude,491,PH
wrude,rude,492,PH
wrood,rude,493,PH
rhum,rum,494,PH
rhumb,rum,495,PH
wrum,rum,496,PH
wruhm,rum,497,PH
saif,safe,498,PH
saiph,safe,499,PH
saiphe,safe,500,PH
sehd,said,501,PH
sande,sand,502,PH
sain,sane,503,PH
seighn,sane,504,PH
skab,scab,505,PH
scail,scale,506,PH
scaile,scale,507,PH
skare,scare,508,PH
scair,scare,509,PH
skair,scare,510,PH
scheam,scheme,511,PH
skeame,scheme,512,PH
skeme,scheme,513,PH
skeam,scheme,514,PH
skore,score,515,PH
scoar,score,516,PH
skoar,score,517,PH
seap,seep,518,PH
surve,serve,519,PH
shail,shale,520,PH
shayl,shale,521,PH
shair,share,522,PH
shaire,share,523,PH
shaul,shawl,524,PH
shean,sheen,525,PH
shyp,ship,526,PH
sherk,shirk,527,PH
shirque,shirk,528,PH
sherque,shirk,529,PH
shurt,shirt,530,PH
shert,shirt,531,PH
shooze,shoes,532,PH
shuze,shoes,533,PH
shoarn,shorn,534,PH
shoart,short,535,PH
shood,should,536,PH
shoan,shown,537,PH
shoen,shown,538,PH
seege,siege,539,PH
seeje,siege,540,PH
seaje,siege,541,PH
seaj,siege,542,PH
scate,skate,543,PH
skait,skate,544,PH
scait,skate,545,PH
sceight,skate,546,PH
skeat,skeet,547,PH
slaive,slave,548,PH
sleap,sleep,549,PH
slite,slight,550,PH
smawl,small,551,PH
smoak,smoke,552,PH
snair,snare,553,PH
snoar,snore,554,PH
soac,soak,555,PH
soke,soak,556,PH
sope,soap,557,PH
soald,sold,558,PH
soaled,sold,559,PH
supe,soup,560,PH
speek,speak,561,PH
spoart,sport,562,PH
squair,square,563,PH
skware,square,564,PH
skwair,square,565,PH
skwirt,squirt,566,PH
skwert,squirt,567,PH
stail,stale,568,PH
staile,stale,569,PH
stait,state,570,PH
staite,state,571,PH
steem,steam,572,PH
stinc,stink,573,PH
stynk,stink,574,PH
stync,stink,575,PH
stur,stir,576,PH
stich,stitch,577,PH
stawp,stop,578,PH
strade,strayed,579,PH
streat,street,580,PH
stroon,strewn,581,PH
sute,suit,582,PH
shure,sure,583,PH
swomp,swamp,584,PH
swop,swap,585,PH
swoth,swath,586,PH
swawth,swath,587,PH
sweigh,sway,588,PH
swet,sweat,589,PH
sweap,sweep,590,PH
tayk,take,591,PH
tayke,take,592,PH
taip,tape,593,PH
taipe,tape,594,PH
teighp,tape,595,PH
tawnt,taunt,596,PH
tont,taunt,597,PH
teech,teach,598,PH
teek,teak,599,PH
teem,team,600,PH
teeme,team,601,PH
turse,terse,602,PH
tirse,terse,603,PH
terce,terse,604,PH
turce,terse,605,PH
tirce,terse,606,PH
theem,theme,607,PH
theam,theme,608,PH
theef,thief,609,PH
theaf,thief,610,PH
theeph,thief,611,PH
theaph,thief,612,PH
thurd,third,613,PH
therd,third,614,PH
thret,threat,615,PH
thryve,thrive,616,PH
tite,tight,617,PH
tyme,time,618,PH
tighm,time,619,PH
tutch,touch,620,PH
tuch,touch,621,PH
trackz,tracks,622,PH
trax,tracks,623,PH
traid,trade,624,PH
trale,trail,625,PH
trayle,trail,626,PH
trane,train,627,PH
treign,train,628,PH
trile,trial,629,PH
tryx,tricks,630,PH
trype,tripe,631,PH
trawd,trod,632,PH
troal,troll,633,PH
trole,troll,634,PH
troopz,troops,635,PH
trupes,troops,636,PH
truepz,troops,637,PH
trewth,truth,638,PH
tipe,type,639,PH
vurse,verse,640,PH
vurce,verse,641,PH
vewd,viewed,642,PH
waje,wage,643,PH
waige,wage,644,PH
waije,wage,645,PH
wayje,wage,646,PH
wate,wait,647,PH
waik,wake,648,PH
wawk,walk,649,PH
whalk,walk,650,PH
whauk,walk,651,PH
wawl,wall,652,PH
welth,wealth,653,PH
wead,weed,654,PH
wheed,weed,655,PH
whead,weed,656,PH
wheade,weed,657,PH
weered,weird,658,PH
welte,welt,659,PH
whelt,welt,660,PH
whelte,welt,661,PH
wheal,wheel,662,PH
whimb,whim,663,PH
wimb,whim,664,PH
woez,woes,665,PH
wurd,word,666,PH
werd,word,667,PH
wurde,word,668,PH
werk,work,669,PH
werque,work,670,PH
wurld,world,671,PH
werld,world,672,PH
werlde,world,673,PH
wirst,worst,674,PH
whirst,worst,675,PH
wersed,worst,676,PH
wirth,worth,677,PH
werth,worth,678,PH
whirth,worth,679,PH
wherth,worth,680,PH
woond,wound,681,PH
whoond,wound,682,PH
raith,wraith,683,PH
rhaith,wraith,684,PH
rong,wrong,685,PH
yeer,year,686,PH
yung,young,687,PH
balk, - ,688,BW
balk, - ,688,BW
ball, - ,689,BW
bane, - ,690,BW
bane, - ,690,BW
barn, - ,691,BW
bask, - ,692,BW
binge, - ,693,BW
binge, - ,693,BW
bird, - ,694,BW
birth, - ,695,BW
black, - ,696,BW
black, - ,696,BW
blame, - ,697,BW
blame, - ,697,BW
bleak, - ,698,BW
bleak, - ,698,BW
blitz, - ,699,BW
blitz, - ,699,BW
bloat, - ,700,BW
blood, - ,701,BW
bloom, - ,702,BW
bloom, - ,702,BW
board, - ,703,BW
boat, - ,704,BW
bonds, - ,705,BW
bonds, - ,705,BW
bonds, - ,705,BW
bone, - ,706,BW
bone, - ,706,BW
bore, - ,707,BW
born, - ,708,BW
both, - ,709,BW
both, - ,709,BW
bought, - ,710,BW
bought, - ,710,BW
bowl, - ,711,BW
bowl, - ,711,BW
box, - ,712,BW
box, - ,712,BW
brain, - ,713,BW
brain, - ,713,BW
brave, - ,714,BW
breath, - ,715,BW
breed, - ,716,BW
bribe, - ,717,BW
bricks, - ,718,BW
bricks, - ,718,BW
bride, - ,719,BW
bride, - ,719,BW
brief, - ,720,BW
brief, - ,720,BW
brief, - ,720,BW
brine, - ,721,BW
brine, - ,721,BW
brown, - ,722,BW
brute, - ,723,BW
burn, - ,724,BW
cake, - ,725,BW
cake, - ,725,BW
cake, - ,725,BW
called, - ,726,BW
called, - ,726,BW
called, - ,726,BW
camp, - ,727,BW
cape, - ,728,BW
cape, - ,728,BW
cape, - ,728,BW
cape, - ,728,BW
celt, - ,729,BW
chafe, - ,730,BW
chair, - ,731,BW
chase, - ,732,BW
cheat, - ,733,BW
cheat, - ,733,BW
check, - ,733,BW
cheese, - ,734,BW
cheese, - ,734,BW
chide, - ,735,BW
chide, - ,735,BW
chide, - ,735,BW
chief, - ,736,BW
chief, - ,736,BW
chief, - ,736,BW
choice, - ,737,BW
choke, - ,738,BW
chore, - ,739,BW
church, - ,740,BW
church, - ,740,BW
churn, - ,741,BW
clap, - ,742,BW
clawed, - ,743,BW
clean, - ,744,BW
clean, - ,744,BW
clean, - ,744,BW
clear, - ,745,BW
clear, - ,745,BW
clear, - ,745,BW
climb, - ,746,BW
climb, - ,746,BW
climb, - ,746,BW
climb, - ,746,BW
climb, - ,746,BW
climb, - ,746,BW
clout, - ,747,BW
clout, - ,747,BW
clout, - ,747,BW
clunk, - ,748,BW
coast, - ,749,BW
coat, - ,750,BW
coat, - ,750,BW
coat, - ,750,BW
coat, - ,750,BW
code, - ,751,BW
code, - ,751,BW
code, - ,751,BW
coin, - ,752,BW
coin, - ,752,BW
coin, - ,752,BW
cope, - ,753,BW
cope, - ,753,BW
cope, - ,753,BW
cost, - ,754,BW
cost, - ,754,BW
cost, - ,754,BW
cost, - ,754,BW
cost, - ,754,BW
cough, - ,755,BW
cough, - ,755,BW
cough, - ,755,BW
court, - ,756,BW
court, - ,756,BW
court, - ,756,BW
court, - ,756,BW
crash, - ,757,BW
cream, - ,758,BW
cream, - ,758,BW
crick, - ,759,BW
crick, - ,759,BW
croak, - ,760,BW
croak, - ,760,BW
croak, - ,760,BW
crux, - ,761,BW
crux, - ,761,BW
crux, - ,761,BW
cute, - ,762,BW
cute, - ,762,BW
cute, - ,762,BW
dark, - ,763,BW
date, - ,764,BW
deal, - ,765,BW
deal, - ,765,BW
dearth, - ,766,BW
dense, - ,767,BW
dice, - ,768,BW
dirt, - ,769,BW
dive, - ,770,BW
doll, - ,771,BW
doom, - ,772,BW
doubt, - ,773,BW
dream, - ,774,BW
dream, - ,774,BW
dream, - ,774,BW
drink, - ,775,BW
dumb, - ,776,BW
fact, - ,777,BW
fall, - ,778,BW
fall, - ,778,BW
fall, - ,778,BW
false , - ,779,BW
false , - ,779,BW
false , - ,779,BW
fate, - ,780,BW
fate, - ,780,BW
fault, - ,781,BW
fault, - ,781,BW
fault, - ,781,BW
fear, - ,782,BW
fear, - ,782,BW
fear, - ,782,BW
fear, - ,782,BW
feed, - ,783,BW
feed, - ,784,BW
feed, - ,784,BW
feel, - ,785,BW
feel, - ,785,BW
feel, - ,785,BW
felt, - ,786,BW
fiend, - ,787,BW
fiend, - ,787,BW
fiend, - ,787,BW
fiend, - ,787,BW
fiend, - ,787,BW
film, - ,788,BW
finch, - ,789,BW
finch, - ,789,BW
fink, - ,790,BW
fink, - ,790,BW
fink, - ,790,BW
fink, - ,790,BW
firm, - ,791,BW
firm, - ,791,BW
firm, - ,791,BW
first, - ,792,BW
first, - ,792,BW
first, - ,792,BW
flame, - ,793,BW
flame, - ,793,BW
flame, - ,793,BW
flat, - ,794,BW
flaunt, - ,795,BW
flaunt, - ,795,BW
flaunt, - ,795,BW
flay, - ,796,BW
flight, - ,797,BW
flight, - ,797,BW
flight, - ,797,BW
flip, - ,798,BW
flip, - ,798,BW
flip, - ,798,BW
flock, - ,799,BW
flock, - ,799,BW
flock, - ,799,BW
flock, - ,799,BW
flock, - ,799,BW
flock, - ,799,BW
flog, - ,800,BW
floor, - ,801,BW
floor, - ,801,BW
floor, - ,801,BW
floor, - ,801,BW
floor, - ,801,BW
flows, - ,802,BW
flows, - ,802,BW
flows, - ,802,BW
flume, - ,803,BW
flume, - ,803,BW
flume, - ,803,BW
foal, - ,804,BW
foal, - ,804,BW
foal, - ,804,BW
foam, - ,805,BW
foam, - ,805,BW
foam, - ,805,BW
foes, - ,806,BW
force, - ,807,BW
force, - ,807,BW
force, - ,807,BW
force, - ,807,BW
fought, - ,808,BW
fought, - ,808,BW
fought, - ,808,BW
fought, - ,808,BW
fought, - ,808,BW
found, - ,809,BW
found, - ,809,BW
found, - ,809,BW
fox, - ,810,BW
fox, - ,810,BW
fox, - ,810,BW
fox, - ,810,BW
fox, - ,810,BW
fray, - ,811,BW
fray, - ,811,BW
fray, - ,811,BW
fray, - ,811,BW
freak, - ,812,BW
freak, - ,812,BW
freak, - ,812,BW
freak, - ,812,BW
fret, - ,813,BW
front, - ,814,BW
front, - ,814,BW
fruit, - ,815,BW
fruit, - ,815,BW
fruit, - ,815,BW
gaffe, - ,816,BW
gain, - ,817,BW
game, - ,818,BW
gape, - ,819,BW
gauge, - ,820,BW
gauge, - ,820,BW
gauge, - ,820,BW
gauge, - ,820,BW
gaze, - ,821,BW
ghost, - ,822,BW
ghost, - ,822,BW
ghoul, - ,823,BW
ghoul, - ,823,BW
gird, - ,824,BW
gird, - ,824,BW
gird, - ,824,BW
girl, - ,825,BW
girl, - ,825,BW
glean, - ,826,BW
glean, - ,826,BW
glean, - ,826,BW
glean, - ,826,BW
glean, - ,826,BW
globe, - ,827,BW
gloom, - ,828,BW
glue, - ,829,BW
goat, - ,830,BW
goat, - ,831,BW
goat, - ,831,BW
goat, - ,831,BW
god, - ,832,BW
god, - ,832,BW
goes, - ,833,BW
goes, - ,833,BW
goes, - ,833,BW
gold, - ,834,BW
golf, - ,835,BW
golf, - ,835,BW
golf, - ,835,BW
gore, - ,836,BW
gore, - ,836,BW
gore, - ,836,BW
grain, - ,837,BW
grain, - ,837,BW
grave, - ,838,BW
grave, - ,838,BW
green, - ,839,BW
grief, - ,840,BW
grief, - ,840,BW
grieve, - ,841,BW
groom, - ,842,BW
grope, - ,843,BW
grope, - ,843,BW
group, - ,844,BW
group, - ,844,BW
group, - ,844,BW
grow, - ,845,BW
guess, - ,846,BW
guide, - ,847,BW
guile, - ,848,BW
guile, - ,848,BW
guilt, - ,849,BW
has, - ,850,BW
hate, - ,851,BW
head, - ,852,BW
hear, - ,853,BW
heat, - ,854,BW
hoax, - ,855,BW
hone, - ,856,BW
hope, - ,857,BW
horn, - ,858,BW
jail, - ,859,BW
joint, - ,860,BW
joke, - ,861,BW
juice, - ,862,BW
juice, - ,862,BW
keep, - ,863,BW
keep, - ,863,BW
keys, - ,864,BW
keys, - ,864,BW
keys, - ,864,BW
keys, - ,864,BW
kite, - ,865,BW
knave, - ,866,BW
knave, - ,866,BW
knave, - ,866,BW
knave, - ,866,BW
kneel, - ,867,BW
kneel, - ,867,BW
kneel, - ,867,BW
knelt, - ,868,BW
knelt, - ,868,BW
knife, - ,869,BW
knife, - ,869,BW
knife, - ,869,BW
knife, - ,869,BW
laugh, - ,870,BW
leap, - ,871,BW
learn, - ,872,BW
learn, - ,872,BW
lease, - ,873,BW
least, - ,874,BW
lewd, - ,875,BW
lodge, - ,876,BW
lodge, - ,876,BW
loose, - ,877,BW
loose, - ,877,BW
lurch, - ,878,BW
mate, - ,879,BW
mate, - ,879,BW
meal, - ,880,BW
meant, - ,881,BW
merge, - ,882,BW
merge, - ,882,BW
merge, - ,882,BW
merge, - ,882,BW
merge, - ,882,BW
merge, - ,882,BW
mine, - ,883,BW
mirth, - ,884,BW
mirth, - ,884,BW
mirth, - ,884,BW
month, - ,885,BW
move, - ,886,BW
mule, - ,887,BW
neat, - ,888,BW
news, - ,889,BW
nine, - ,890,BW
nine, - ,890,BW
node, - ,891,BW
node, - ,891,BW
node, - ,891,BW
node, - ,891,BW
node, - ,891,BW
noise, - ,892,BW
noise, - ,892,BW
noise, - ,892,BW
nurse, - ,893,BW
nurse, - ,893,BW
nurse, - ,893,BW
nurse, - ,893,BW
once, - ,894,BW
ought, - ,895,BW
page, - ,896,BW
page, - ,896,BW
page, - ,896,BW
page, - ,896,BW
park, - ,897,BW
pave, - ,898,BW
pearl, - ,899,BW
peas, - ,900,BW
peas, - ,900,BW
peas, - ,900,BW
perk, - ,901,BW
perk, - ,901,BW
perk, - ,901,BW
perk, - ,901,BW
perk, - ,901,BW
piece, - ,902,BW
play, - ,903,BW
plea, - ,904,BW
plead, - ,905,BW
please, - ,906,BW
please, - ,906,BW
pope, - ,907,BW
prawn, - ,908,BW
price, - ,909,BW
priest, - ,910,BW
priest, - ,910,BW
prim, - ,911,BW
prim, - ,911,BW
prize, - ,912,BW
prom, - ,913,BW
prom, - ,913,BW
proof, - ,914,BW
prove, - ,914,BW
prude, - ,915,BW
prude, - ,915,BW
purge, - ,916,BW
purse, - ,917,BW
quake, - ,918,BW
rage, - ,919,BW
rage, - ,919,BW
rage, - ,919,BW
rage, - ,919,BW
raid, - ,920,BW
raid, - ,920,BW
raise, - ,921,BW
rake, - ,922,BW
rake, - ,922,BW
rake, - ,922,BW
rare, - ,923,BW
rare, - ,923,BW
rare, - ,923,BW
rare, - ,923,BW
reach, - ,924,BW
reach, - ,924,BW
reach, - ,924,BW
reef, - ,925,BW
reef, - ,925,BW
reef, - ,925,BW
reef, - ,925,BW
reef, - ,925,BW
reek, - ,926,BW
reek, - ,926,BW
reek, - ,926,BW
roar, - ,927,BW
roar, - ,927,BW
roar, - ,927,BW
roll, - ,928,BW
roof, - ,929,BW
roof, - ,929,BW
roof, - ,929,BW
roof, - ,929,BW
rude, - ,930,BW
rude, - ,930,BW
rude, - ,930,BW
rum, - ,931,BW
rum, - ,931,BW
rum, - ,931,BW
rum, - ,931,BW
safe, - ,932,BW
safe, - ,932,BW
safe, - ,932,BW
said, - ,933,BW
sand, - ,934,BW
sane, - ,935,BW
sane, - ,935,BW
scab, - ,936,BW
scale, - ,937,BW
scale, - ,937,BW
scare, - ,938,BW
scare, - ,938,BW
scare, - ,938,BW
scheme, - ,939,BW
scheme, - ,939,BW
scheme, - ,939,BW
scheme, - ,939,BW
score, - ,940,BW
score, - ,940,BW
score, - ,940,BW
seep, - ,941,BW
serve, - ,942,BW
shale, - ,943,BW
shale, - ,943,BW
share, - ,944,BW
share, - ,944,BW
shawl, - ,945,BW
sheen, - ,946,BW
ship, - ,947,BW
shirk, - ,948,BW
shirk, - ,948,BW
shirk, - ,948,BW
shirt, - ,949,BW
shirt, - ,949,BW
shoes, - ,950,BW
shoes, - ,950,BW
shorn, - ,951,BW
short, - ,952,BW
should, - ,953,BW
shown, - ,954,BW
shown, - ,954,BW
siege, - ,955,BW
siege, - ,955,BW
siege, - ,955,BW
siege, - ,955,BW
skate, - ,956,BW
skate, - ,956,BW
skate, - ,956,BW
skate, - ,956,BW
skeet, - ,957,BW
slave, - ,958,BW
sleep, - ,959,BW
slight, - ,960,BW
small, - ,961,BW
smoke, - ,962,BW
snare, - ,963,BW
snore, - ,964,BW
soak, - ,965,BW
soak, - ,965,BW
soap, - ,966,BW
sold, - ,967,BW
sold, - ,967,BW
soup, - ,968,BW
speak, - ,969,BW
sport, - ,970,BW
square, - ,971,BW
square, - ,971,BW
square, - ,971,BW
squirt, - ,972,BW
squirt, - ,972,BW
stale, - ,973,BW
stale, - ,973,BW
state, - ,974,BW
state, - ,974,BW
steam, - ,975,BW
stink, - ,976,BW
stink, - ,976,BW
stink, - ,976,BW
stir, - ,977,BW
stitch, - ,978,BW
stop, - ,979,BW
strayed, - ,980,BW
street, - ,981,BW
strewn, - ,982,BW
suit, - ,983,BW
sure, - ,984,BW
swamp, - ,985,BW
swap, - ,986,BW
swath, - ,987,BW
swath, - ,987,BW
sway, - ,988,BW
sweat, - ,989,BW
sweep, - ,990,BW
take, - ,991,BW
take, - ,991,BW
tape, - ,992,BW
tape, - ,992,BW
tape, - ,992,BW
taunt, - ,993,BW
taunt, - ,993,BW
teach, - ,994,BW
teak, - ,995,BW
team, - ,996,BW
team, - ,996,BW
terse, - ,997,BW
terse, - ,997,BW
terse, - ,997,BW
terse, - ,997,BW
terse, - ,997,BW
theme, - ,998,BW
theme, - ,998,BW
thief, - ,999,BW
thief, - ,999,BW
thief, - ,999,BW
thief, - ,999,BW
third, - ,1000,BW
third, - ,1000,BW
threat, - ,1001,BW
thrive, - ,1002,BW
tight, - ,1003,BW
time, - ,1004,BW
time, - ,1004,BW
touch, - ,1005,BW
touch, - ,1005,BW
tracks, - ,1006,BW
tracks, - ,1006,BW
trade, - ,1007,BW
trail, - ,1008,BW
trail, - ,1008,BW
train, - ,1009,BW
train, - ,1009,BW
trial, - ,1010,BW
tricks, - ,1011,BW
tripe, - ,1012,BW
trod, - ,1013,BW
troll, - ,1014,BW
troll, - ,1014,BW
troops, - ,1015,BW
troops, - ,1015,BW
troops, - ,1015,BW
truth, - ,1016,BW
type, - ,1017,BW
verse, - ,1018,BW
verse, - ,1018,BW
viewed, - ,1019,BW
wage, - ,1020,BW
wage, - ,1020,BW
wage, - ,1020,BW
wage, - ,1020,BW
wait, - ,1021,BW
wake, - ,1022,BW
walk, - ,1023,BW
walk, - ,1023,BW
walk, - ,1023,BW
wall, - ,1024,BW
wealth, - ,1025,BW
weed, - ,1026,BW
weed, - ,1026,BW
weed, - ,1026,BW
weed, - ,1026,BW
weird, - ,1027,BW
welt, - ,1028,BW
welt, - ,1028,BW
welt, - ,1028,BW
wheel, - ,1029,BW
whim, - ,1030,BW
whim, - ,1030,BW
woes, - ,1031,BW
word, - ,1032,BW
word, - ,1032,BW
word, - ,1032,BW
work, - ,1033,BW
work, - ,1033,BW
world, - ,1034,BW
world, - ,1034,BW
world, - ,1034,BW
worst, - ,1035,BW
worst, - ,1035,BW
worst, - ,1035,BW
worth, - ,1036,BW
worth, - ,1036,BW
worth, - ,1036,BW
worth, - ,1036,BW
wound, - ,1037,BW
wound, - ,1037,BW
wraith, - ,1038,BW
wraith, - ,1038,BW
wrong, - ,1039,BW
year, - ,1040,BW
young, - ,1041,BW
,bok,1042,NC
,bawque,1043,NC
,bol,1044,NC
,bain,1045,NC
,beign,1046,NC
,bahrn,1047,NC
,basc,1048,NC
jinje,binje,1049,NC
,binj,1050,NC
perd,berd,1051,NC
turth,burth,1052,NC
,blak,1053,NC
,blaque,1054,NC
,blaim,1055,NC
,bleighm,1056,NC
,bleek,1057,NC
,bleeque,1058,NC
,blits,1059,NC
,blitts,1060,NC
,blote,1061,NC
clud,blud,1062,NC
,blewm,1063,NC
,blume,1064,NC
,bord,1065,NC
wote,bote,1066,NC
,bondz,1067,NC
,bauns,1068,NC
,baunz,1069,NC
poan,boan,1070,NC
,boane,1071,NC
,bor,1072,NC
,boarn,1073,NC
,boath,1074,NC
,boathe,1075,NC
,bawt,1076,NC
,bawte,1077,NC
,boal,1078,NC
,boale,1079,NC
vawx,bawx,1080,NC
,bawks,1081,NC
,brane,1082,NC
,breign,1083,NC
,braive,1084,NC
,breth,1085,NC
,brede,1086,NC
,brybe,1087,NC
,brickz,1088,NC
,bryx,1089,NC
,bryde,1090,NC
,bryed,1091,NC
,breef,1092,NC
,brefe,1093,NC
,brephe,1094,NC
,bryne,1095,NC
,brighne,1096,NC
,broun,1097,NC
,broot,1098,NC
pern,bern,1099,NC
,kake,1100,NC
,caik,1101,NC
,kaique,1102,NC
,kalled,1103,NC
,cauld,1104,NC
,kauld,1105,NC
,kamp,1106,NC
,kape,1107,NC
,caip,1108,NC
,kaip,1109,NC
,keighp,1110,NC
,kelt,1111,NC
,chaif,1112,NC
,chare,1113,NC
,chace,1114,NC
preet,cheet,1115,NC
,cheete,1116,NC
,chek,1117,NC
,cheeze,1118,NC
,cheaze,1119,NC
,chyde,1120,NC
,chied,1121,NC
,chighd,1122,NC
bleef,cheef,1123,NC
,cheefe,1124,NC
,cheaph,1125,NC
phoyce,choyce,1126,NC
,choak,1127,NC
,choar,1128,NC
,chirch,1129,NC
,cherch,1130,NC
,chern,1131,NC
,klap,1132,NC
,clawd,1133,NC
,cleen,1134,NC
,clene,1135,NC
,klene,1136,NC
,cleer,1137,NC
,clere,1138,NC
,klere,1139,NC
,clymb,1140,NC
,clime,1141,NC
,klymb,1142,NC
,klyme,1143,NC
,cleim,1144,NC
,kleim,1145,NC
,klout,1146,NC
,clowt,1147,NC
,klowt,1148,NC
,klunk,1149,NC
,koast,1150,NC
,koat,1151,NC
,coate,1152,NC
,kote,1153,NC
,koate,1154,NC
,kode,1155,NC
doad,coad,1156,NC
,koad,1157,NC
,coyn,1158,NC
,coyne,1159,NC
,koyne,1160,NC
,kope,1161,NC
,coap,1162,NC
,koap,1163,NC
,kost,1164,NC
,cawst,1165,NC
,kawst,1166,NC
,cawced,1167,NC
,kawced,1168,NC
goph,coph,1169,NC
,koph,1170,NC
,kawf,1171,NC
,coart,1172,NC
,kourt,1173,NC
,cort,1174,NC
,kort,1175,NC
,krash,1176,NC
,creem,1177,NC
,kreem,1178,NC
,krick,1179,NC
,crik,1180,NC
,kroak,1181,NC
,croke,1182,NC
,kroke,1183,NC
,krux,1184,NC
,crucks,1185,NC
,krucks,1186,NC
,kute,1187,NC
,cuit,1188,NC
,kuit,1189,NC
,darck,1190,NC
yait,dait,1191,NC
,deel,1192,NC
,deele,1193,NC
kerth,derth,1194,NC
,dence,1195,NC
,dyce,1196,NC
jurt,durt,1197,NC
,dyve,1198,NC
jaul,daul,1199,NC
,dewm,1200,NC
kowt,dowt,1201,NC
breem,dreem,1202,NC
,dreame,1203,NC
,dreeme,1204,NC
,drinc,1205,NC
,dum,1206,NC
,fakt,1207,NC
,faul,1208,NC
,phall,1209,NC
,phaul,1210,NC
,falce,1211,NC
,phalse,1212,NC
,phalce,1213,NC
,fait,1214,NC
,phait,1215,NC
,fawlt,1216,NC
,phault,1217,NC
,phawlt,1218,NC
,feer,1219,NC
,feere,1220,NC
,phear,1221,NC
,pheere,1222,NC
,fead,1223,NC
,pheed,1224,NC
,phead,1225,NC
beal,feal,1226,NC
,pheel,1227,NC
,pheal,1228,NC
,phelt,1229,NC
,feand,1230,NC
,feend,1231,NC
,pheand,1232,NC
,pheend,1233,NC
,feende,1234,NC
,philm,1235,NC
,fynch,1236,NC
,phynch,1237,NC
,finc,1238,NC
,finck,1239,NC
,phinc,1240,NC
,phinck,1241,NC
serm,ferm,1242,NC
,phirm,1243,NC
,pherm,1244,NC
gurst,furst,1245,NC
,phirst,1246,NC
,phurst,1247,NC
,flaim,1248,NC
,phlame,1249,NC
,phlaim,1250,NC
,phlat,1251,NC
,flont,1252,NC
,phlaunt,1253,NC
,phlont,1254,NC
,flae,1255,NC
,flite,1256,NC
,phlight,1257,NC
,phlite,1258,NC
,flyp ,1259,NC
,phlip ,1260,NC
,phlyp,1261,NC
,floc,1262,NC
,flok,1263,NC
,flawk,1264,NC
,phloc,1265,NC
,phlock,1266,NC
,phlawk,1267,NC
,flawg,1268,NC
,floar,1269,NC
,flore,1270,NC
,phloor,1271,NC
,phlore,1272,NC
,phloar,1273,NC
,floze,1274,NC
,phlows,1275,NC
,phloze,1276,NC
,floom,1277,NC
,phlume,1278,NC
,phloom,1279,NC
vole,fole,1280,NC
,phoal,1281,NC
,phole,1282,NC
yome,fome,1283,NC
,phoam,1284,NC
,phome,1285,NC
,foze,1286,NC
,forse,1287,NC
,foarse,1288,NC
,phorce,1289,NC
,phorse,1290,NC
,fawght,1291,NC
,fawt,1292,NC
,fawte,1293,NC
,phawt,1294,NC
,phawte,1295,NC
yownd,fownd,1296,NC
,phound,1297,NC
,phownd,1298,NC
,focks,1299,NC
,fawx,1300,NC
,phox,1301,NC
snocks,phocks,1302,NC
,phawcks,1303,NC
,freigh,1304,NC
,phray,1305,NC
,phrey,1306,NC
,phreigh,1307,NC
,freek,1308,NC
,freec,1309,NC
,phreec,1310,NC
,phreek,1311,NC
,phret,1312,NC
,frunt,1313,NC
,phrunt,1314,NC
,frute,1315,NC
,phroot,1316,NC
,phrute,1317,NC
,gaph,1318,NC
hane,gane,1319,NC
,gaim,1320,NC
,gaip,1321,NC
,gaige,1322,NC
,gaije,1323,NC
,ghaige,1324,NC
,ghaije,1325,NC
,gaize,1326,NC
,goast,1327,NC
,goaste,1328,NC
bool,gool,1329,NC
,gule,1330,NC
,gurd,1331,NC
,gerd,1332,NC
,ghurd,1333,NC
,gerl,1334,NC
,gurl,1335,NC
,gleen,1336,NC
,gleene,1337,NC
,gleane,1338,NC
,ghleen,1339,NC
,ghlean,1340,NC
,gloab,1341,NC
,glume,1342,NC
plew,glew,1343,NC
,gote,1344,NC
,ghoat,1345,NC
,ghote,1346,NC
,ghoate,1347,NC
,gaud,1348,NC
,ghaud,1349,NC
,goez,1350,NC
,ghoez,1351,NC
,ghoze,1352,NC
,goald,1353,NC
tolph,golph,1354,NC
,gaulf,1355,NC
,gaulph,1356,NC
,goar,1357,NC
,ghore,1358,NC
,ghoar,1359,NC
,grane,1360,NC
,greign,1361,NC
,graive,1362,NC
,greyve,1363,NC
drean,grean,1364,NC
,greef,1365,NC
,greeph,1366,NC
,greeve,1367,NC
,grume,1368,NC
,groap,1369,NC
,growp,1370,NC
croop,groop,1371,NC
,grupe,1372,NC
,grewp,1373,NC
broe,groe,1374,NC
dess,gess,1375,NC
pide,gide,1376,NC
,ghile,1377,NC
,ghyle,1378,NC
,gilt,1379,NC
nazz,hazz,1380,NC
,hait,1381,NC
,hedd,1382,NC
,heer,1383,NC
,heet,1384,NC
lokes,hokes,1385,NC
,hoan,1386,NC
goap,hoap,1387,NC
,hoarn,1388,NC
,jale,1389,NC
,joynt,1390,NC
,joak,1391,NC
,jooce,1392,NC
,jewce,1393,NC
feap,keap,1394,NC
,keyp,1395,NC
,keez,1396,NC
,keaz,1397,NC
,keaze,1398,NC
veeze,keeze,1399,NC
dight,kight,1400,NC
,gnave,1401,NC
,knaive,1402,NC
,neighve,1403,NC
,gnaive,1404,NC
,kneal,1405,NC
,neel,1406,NC
,neal,1407,NC
,gnelt,1408,NC
,nelt,1409,NC
,gnife,1410,NC
,nife,1411,NC
,niphe,1412,NC
,gniphe,1413,NC
,laff,1414,NC
,leep,1415,NC
,lern,1416,NC
,lurn,1417,NC
deese,leese,1418,NC
heest,leest,1419,NC
tude,lude,1420,NC
,lawge,1421,NC
,lawje,1422,NC
,looce,1423,NC
,luce,1424,NC
wirch,lirch,1425,NC
pait,mait,1426,NC
,maite,1427,NC
,meel,1428,NC
nent,ment,1429,NC
,mirge,1430,NC
,murge,1431,NC
,merje,1432,NC
,mirje,1433,NC
,mirj,1434,NC
,murj,1435,NC
,myne,1436,NC
,merth,1437,NC
,myrth,1438,NC
,murthe,1439,NC
,munth,1440,NC
,muve,1441,NC
tuel,muel,1442,NC
,neet,1443,NC
fues,nues,1444,NC
,nyne,1445,NC
,nighne,1446,NC
,noade,1447,NC
,noad,1448,NC
,knode,1449,NC
,knoad,1450,NC
,gnode,1451,NC
,noize,1452,NC
,noyze,1453,NC
,noyz,1454,NC
merse,nerse,1455,NC
,nurce,1456,NC
,nirce,1457,NC
,nerce,1458,NC
tunce,wunce,1459,NC
,awte,1460,NC
,paje,1461,NC
,paige,1462,NC
,paije,1463,NC
,paij,1464,NC
,parc,1465,NC
,paiv,1466,NC
birl,pirl,1467,NC
,peaz,1468,NC
,peaze,1469,NC
,peez,1470,NC
,purk,1471,NC
,perck,1472,NC
,purrk,1473,NC
virck,pirck,1474,NC
,purrck,1475,NC
deece,peece,1476,NC
blaie,plaie,1477,NC
,plee ,1478,NC
,pleed,1479,NC
,pleaze,1480,NC
,pleeze,1481,NC
,poap,1482,NC
,pron,1483,NC
,pryce,1484,NC
,preest,1485,NC
,preast,1486,NC
,prym,1487,NC
,prymn,1488,NC
,pryze,1489,NC
,promb,1490,NC
,prawm,1491,NC
trufe,prufe,1492,NC
bruve,pruve,1493,NC
,prewd,1494,NC
,prood,1495,NC
berge,perge,1496,NC
,perce,1497,NC
,kwake,1498,NC
,raje,1499,NC
,raige,1500,NC
,raije,1501,NC
,raij,1502,NC
,rade,1503,NC
,raide,1504,NC
kaize,raize,1505,NC
,rayk,1506,NC
,raik,1507,NC
,raique,1508,NC
,rair,1509,NC
,raire,1510,NC
,rhare,1511,NC
,rhair,1512,NC
,reache,1513,NC
meech,reech,1514,NC
,reeche,1515,NC
,reaf,1516,NC
,rheef,1517,NC
,reeph,1518,NC
,reaph,1519,NC
,reaphe,1520,NC
,reak,1521,NC
,rheek,1522,NC
,rheak,1523,NC
,rore,1524,NC
,rhoar,1525,NC
,rhore,1526,NC
zoal,roal,1527,NC
,rooph,1528,NC
,rufe,1529,NC
,rewf,1530,NC
,rewph,1531,NC
,rood,1532,NC
,wrude,1533,NC
,wrood,1534,NC
,rhum,1535,NC
,rhumb,1536,NC
,wrum,1537,NC
,wruhm,1538,NC
,saif,1539,NC
,saiph,1540,NC
,saiphe,1541,NC
,sehd,1542,NC
,sande,1543,NC
,sain,1544,NC
,seighn,1545,NC
,skab,1546,NC
,scail,1547,NC
,scaile,1548,NC
,skare,1549,NC
,scair,1550,NC
,skair,1551,NC
,scheam,1552,NC
,skeame,1553,NC
,skeme,1554,NC
,skeam,1555,NC
,skore,1556,NC
,scoar,1557,NC
,skoar,1558,NC
,seap,1559,NC
furve,surve,1560,NC
,shail,1561,NC
,shayl,1562,NC
,shair,1563,NC
,shaire,1564,NC
,shaul,1565,NC
,shean,1566,NC
,shyp,1567,NC
,sherk,1568,NC
,shirque,1569,NC
,sherque,1570,NC
,shurt,1571,NC
,shert,1572,NC
frooze,shooze,1573,NC
,shuze,1574,NC
,shoarn,1575,NC
,shoart,1576,NC
,shood,1577,NC
,shoan,1578,NC
,shoen,1579,NC
,seege,1580,NC
,seeje,1581,NC
,seaje,1582,NC
,seaj,1583,NC
,scate,1584,NC
,skait,1585,NC
,scait,1586,NC
,sceight,1587,NC
,skeat,1588,NC
,slaive,1589,NC
,sleap,1590,NC
klite,slite,1591,NC
,smawl,1592,NC
,smoak,1593,NC
,snair,1594,NC
,snoar,1595,NC
,soac,1596,NC
,soke,1597,NC
zope,sope,1598,NC
,soald,1599,NC
,soaled,1600,NC
zupe,supe,1601,NC
,speek,1602,NC
,spoart,1603,NC
,squair,1604,NC
,skware,1605,NC
,skwair,1606,NC
,skwirt,1607,NC
,skwert,1608,NC
,stail,1609,NC
,staile,1610,NC
,stait,1611,NC
,staite,1612,NC
,steem,1613,NC
,stinc,1614,NC
,stynk,1615,NC
,stync,1616,NC
,stur,1617,NC
,stich,1618,NC
dawp,stawp,1619,NC
,strade,1620,NC
,streat,1621,NC
,stroon,1622,NC
zute,sute,1623,NC
,shure,1624,NC
,swomp,1625,NC
,swop,1626,NC
,swoth,1627,NC
,swawth,1628,NC
,sweigh,1629,NC
,swet,1630,NC
,sweap,1631,NC
,tayk,1632,NC
,tayke,1633,NC
baip,taip,1634,NC
,taipe,1635,NC
,teighp,1636,NC
,tawnt,1637,NC
,tont,1638,NC
,teech,1639,NC
,teek,1640,NC
,teem,1641,NC
,teeme,1642,NC
burse,turse,1643,NC
,tirse,1644,NC
,terce,1645,NC
,turce,1646,NC
,tirce,1647,NC
,theem,1648,NC
,theam,1649,NC
,theef,1650,NC
,theaf,1651,NC
,theeph,1652,NC
,theaph,1653,NC
,thurd,1654,NC
,therd,1655,NC
shret,thret,1656,NC
,thryve,1657,NC
,tite,1658,NC
,tyme,1659,NC
,tighm,1660,NC
,tutch,1661,NC
,tuch,1662,NC
,trackz,1663,NC
prax,trax,1664,NC
,traid,1665,NC
,trale,1666,NC
,trayle,1667,NC
,trane,1668,NC
,treign,1669,NC
,trile,1670,NC
,tryx,1671,NC
,trype,1672,NC
,trawd,1673,NC
,troal,1674,NC
,trole,1675,NC
,troopz,1676,NC
,trupes,1677,NC
,truepz,1678,NC
,trewth,1679,NC
,tipe,1680,NC
,vurse,1681,NC
,vurce,1682,NC
,vewd,1683,NC
,waje,1684,NC
,waige,1685,NC
faije,waije,1686,NC
,wayje,1687,NC
,wate,1688,NC
haik,waik,1689,NC
,wawk,1690,NC
,whalk,1691,NC
,whauk,1692,NC
vawl,wawl,1693,NC
,welth,1694,NC
gead,wead,1695,NC
,wheed,1696,NC
,whead,1697,NC
,wheade,1698,NC
,weered,1699,NC
,welte,1700,NC
,whelt,1701,NC
,whelte,1702,NC
,wheal,1703,NC
,whimb,1704,NC
,wimb,1705,NC
,woez,1706,NC
,wurd,1707,NC
,werd,1708,NC
,wurde,1709,NC
,werk,1710,NC
,werque,1711,NC
,wurld,1712,NC
,werld,1713,NC
,werlde,1714,NC
,wirst,1715,NC
,whirst,1716,NC
,wersed,1717,NC
hirth,wirth,1718,NC
,werth,1719,NC
,whirth,1720,NC
,wherth,1721,NC
,woond,1722,NC
,whoond,1723,NC
,raith,1724,NC
,rhaith,1725,NC
mong,rong,1726,NC
keer,yeer,1727,NC
nung,yung,1728,NC